Simulation, 25, Num of Nodes, 12
Block Height, Block Hash, Time Stamp, Received Time Stamp, Extra Bits
1, 0x00011460607bcad32e13f47e16cbf938d8bf3700146414e66fac73a60f322bcf, 1701156446963, 1701156447496, 2.0168341248
2, 0x00045222e85177255f3be3fdc7ee4ce2f2528aca13ba447c8121770db79ea408, 1701156449099, 1701156449122, 0.0160115923
3, 0x00000d6876459cf24a1ea6bcac2a0e962d44b69740f6b39e6848fe6b9791a8b2, 1701156450697, 1701156450706, 6.3822970865
4, 0x0002523e89d37f8a90f59f3f7cd2b634a2518991e927cd1363c88683c0c1327f, 1701156451900, 1701156451915, 0.9124127930
5, 0x0000e0c383292ccaac2ccc3f829e8adc37b630835130335d3e2130f189ffe280, 1701156453011, 1701156453033, 2.3150597460
6, 0x0001d76e9e20f025487907f15d1531becd3f277012f9ced37b168a3983ec150f, 1701156453410, 1701156453435, 1.2464189333
7, 0x00005d596d589a189539cf6bce4c48f86bf9e8245fc3f49fa6bc3c107423eac9, 1701156453925, 1701156453941, 3.5827574384
8, 0x00042eaa7c12512766dcb141aadecdc15e360896103db95a17a843bb4ae1a8fc, 1701156454211, 1701156454248, 0.0630324010
9, 0x00036af2b74fd5cea3363e3e72393d7dab7b7ed23087a08b8e89136bc4db4010, 1701156456501, 1701156456525, 0.3542714721
10, 0x0001f20779fb501037001165ee79aed14ba25da26fd99b9ae22fd8da539c15b3, 1701156456933, 1701156456966, 1.1672385838
11, 0x00011501ffa2c0ce1b3c52afbd25de4fb56afe47b36a1592dcbbbd247bb24e29, 1701156457217, 1701156457242, 2.0135422935
12, 0x0003ab12092ab3873f93f5841ef5a8a6d631ae2753207d8969a082c8246430fd, 1701156457329, 1701156457349, 0.2522355319
13, 0x0000ed2db8afd9bf790e94b4d8378af6906fbaf9db1e85658aa70cd15c1a2899, 1701156458055, 1701156458081, 2.2374950887
14, 0x000331657a61e53636cff4f3d625e07f88178a15fdbbfa1d19858939e6944782, 1701156458206, 1701156458229, 0.4524330429
15, 0x00024d48e76b8489b71229b6a47cf1914955762c5fefee360ec3bc14ce2c7c8f, 1701156458352, 1701156458408, 0.9245039222
16, 0x00002bece97e5b4672a4f80f21eab8083146c65e71844132764d2daceca63adc, 1701156458547, 1701156458573, 4.6703403584
17, 0x0003796cf6fd4a4611481feb4b185f4139a961341cb3a0527ab00c7d5ea9e6c2, 1701156459419, 1701156459453, 0.3305949291
18, 0x0004596a6b95bd490a3a03449ee89005fb510f94710c380c71da0644e9d0a57e, 1701156460212, 1701156460238, 0.0065484982
19, 0x000362dcffeff7161f42820e2d6d29785d6a181645e3784eeab2d8fa4c199d0b, 1701156462221, 1701156462246, 0.3676644571
20, 0x0001c0dac5e64699805e100390eeedb685a780ba527fc32767d8a0e0e955900b, 1701156462597, 1701156462626, 1.3172208068
21, 0x0001efebf5f1aab5dba5737641015cd58a6570526799dab9531fdb3871a31228, 1701156462859, 1701156462901, 1.1733565126
22, 0x00012fc4a27af1362fa2a6190fd71dce1c021578c5617f44c9029663c1562e42, 1701156462902, 1701156462973, 1.8804985356
23, 0x0002ccaf26d96470d1bee3a7db8590b8c60e5af4ed143a3524d5d24f3ba146e5, 1701156463462, 1701156463503, 0.6421314078
24, 0x00034ca15ea0033fa18f469a1f8004194fb6462a8dc9d2b670fd2791017bccf2, 1701156465333, 1701156465372, 0.4051488415
25, 0x0001cd778bf564d8203430dabb9179bd1f8a428d74912013b3775c17ea196a1c, 1701156465736, 1701156465768, 1.2772415116
26, 0x000186bab45d7a59bb917f1f58e79b40ea1e84862cb13029e1fe5604ac2c493b, 1701156466685, 1701156466701, 1.5172994315
27, 0x00045a0a811498b2dee778f1f26a994fcf35c5e0625ddc2c2f79284f7b697e23, 1701156466768, 1701156466795, 0.0057384644
28, 0x0000a153e8886459aef6168480fe07405ed38883b81c9d44db076215619a33ae, 1701156467178, 1701156467215, 2.7934741607
29, 0x0004532b6341817b37e336cc7d3a403939d5f67ba06e1a718ab6289ff372d0f4, 1701156467890, 1701156467923, 0.0146647512
30, 0x00014e06bec8072c178470b77a5478da1a9b66d4e1fddcd284529f409134d42b, 1701156469183, 1701156469212, 1.7435070204
31, 0x0000f1430a9830493c9755ca8a9b4ddfc1dd6c7259253c77ec00edb6ec2b268e, 1701156469431, 1701156469461, 2.2128689435
32, 0x00034994f8ed06fc07ee63d0a89dc0164a0876d9149a7e8ed70e9b71658f096d, 1701156469574, 1701156469600, 0.4103652132
33, 0x0003193d4c0e2d185e6c99ac3b4548d0104f04570f96726ab8f8ad8f2e5c560b, 1701156473735, 1701156473780, 0.4957125164
34, 0x0002fbc39c4d525c3fbdcb73320e28c8ac94ed21307652105c0926d9dce55c55, 1701156473891, 1701156473928, 0.5503418139
35, 0x0002f4724171075957d163c2e61fc5b0bbcca8fc4faebe5369ce95b1d9bb1a3e, 1701156474132, 1701156474172, 0.5642312395
36, 0x0001a4f11c7d2446671eb3c375c7c94c8373ebdd01ba36c8f9380c79778938c4, 1701156475089, 1701156475133, 1.4098480115
37, 0x0001ede19f364aa1f69366067d5c18dab3639089f6c530b4e4de43ed1dee9677, 1701156476059, 1701156476095, 1.1793044814
38, 0x00009b9c2df5492edadccccd2749a57c25a10e3bcb55f69b8e72eaf4baffb1fa, 1701156476820, 1701156476860, 2.8455334473
39, 0x000253226c27ed094e3ddb88fddb1037d7eb157991fcc78df6469c9ef9527cbc, 1701156478022, 1701156478057, 0.9102532667
40, 0x0002e1a3b3f25f5e9a570a0a127c07f7cc51eddadac0e8ff1086123b25cbdda1, 1701156478514, 1701156478551, 0.6005530864
41, 0x00023a51b9a3f5e92e063a4d3ecd8dcffe889afb0a35c66583b46e20a6d74109, 1701156479732, 1701156479766, 0.9716992292
42, 0x00031ede2952dff82bccb32a093c728fc3ce2c8bb158cc886a1d00e94c8d9ebf, 1701156486346, 1701156486377, 0.4855121177
43, 0x000269adb84bd8037cb1223b7cf194012a0c93203571755c0dd5302c7af1fb62, 1701156486715, 1701156486768, 0.8566125972
44, 0x00031baae5bbf916968ff91ea309828174036f92cbcd157db8306a1390dbf1b1, 1701156487056, 1701156487094, 0.4913031351
45, 0x0002fa29bb5208eab7b234bb6a8fc3de054c819d3199327501b514cc4ff17328, 1701156487723, 1701156487762, 0.5533693297
46, 0x00026ebc2bd94e08ea301341d8f51e840143ae843e0ccdd915b0df2f371283b6, 1701156487877, 1701156487916, 0.8448504616
47, 0x0000bd9e98d759bd74493720c7aded7135a3eea616d2bf456c023772030d08e8, 1701156490495, 1701156490517, 2.5603614452
48, 0x00002a25e4efb72a78fcd7626465b95f57b553bc7494a729d2774a2656239638, 1701156490544, 1701156490598, 4.7299320105
49, 0x00015f88cc062f91f73eb0cc83716b7e28a36283fbbb6efd6a2a1235c68edd5b, 1701156491849, 1701156491893, 1.6698032075
50, 0x0003cec6a619dee30469b81ca6c2a25018f56b9c329e85dd9c27812afc255404, 1701156493396, 1701156493438, 0.1983982405
51, 0x0001448850aa9ee27c2f6f3d13ba1ef4f5097f4064a5cc12fd0ee9600c66591d, 1701156494888, 1701156495018, 1.7851060522
52, 0x00035f8c71827eade06d14f6e082d158e6412bf47e7f509a3793afe5ffe64e38, 1701156495201, 1701156495260, 0.3731915442
53, 0x000262551c47ccbabfe4051e41c8e9816f44f0e523d0747b456defb98325e915, 1701156495602, 1701156495664, 0.8738736025
54, 0x00017d75a6e97eacb9219daf626006ea63fb1b0efff93870d3e2d8bcf9638b1c, 1701156496280, 1701156496322, 1.5519387419
55, 0x000385fe1790395f116f04b1b8bb643ee5ca5d040716f9dd02fb8707abc03cd2, 1701156499613, 1701156499687, 0.3103534171
56, 0x0003883ac640c1d2566860701cb55ee0c7bd40e2636d46472425324ad05dadac, 1701156499987, 1701156500029, 0.3067798046
57, 0x0003a5bd31100ed8cec29747913a3b6d52fc248e4e7b6f50a1dd72cfd350b0c9, 1701156500697, 1701156500963, 0.2604495416
58, 0x00037222c2c4a061be1ccee63b486cbc4b64a43f9b7551916f8244f03dcb708a, 1701156500990, 1701156501203, 0.3424681875
59, 0x0000bf3f476571894eca4bb246366a5ca1a30252b42d1139b386a89a94fbccc1, 1701156501065, 1701156501222, 2.5480304311
60, 0x00011b2bb641c87542b36bc02bac19da1cfb6a369b8eedeb088b41e3489dde74, 1701156501494, 1701156501699, 1.9817966806
61, 0x0000a76fd84a15e8e35d099a1308917b82a0d0ca6f177063fae2d0e0943d17fc, 1701156516511, 1701156516705, 2.7398514748
62, 0x00012953b183d8cedd74e272ff356047c722a85bf3fe9804bea80e42fd40d1d6, 1701156518361, 1701156518696, 1.9114188031
63, 0x00014191291a93264383ab6b145b344ec7c0cb32f4e6cbf76576b2a697c6acc9, 1701156519505, 1701156519701, 1.7983494187
64, 0x000040077635ab9d0fc10cb558d335455a29f6b11f6f54365342654fee8266ba, 1701156525928, 1701156525951, 4.1266682235
65, 0x00027a30d6c67dd22905086266d16bca5612f5cc1e33f04eac28816beddc952c, 1701156527942, 1701156527962, 0.8185520329
66, 0x0003dad8db1f739281c179f3c8efb9fc7215ac6048d18f6b56b0569276792c13, 1701156530427, 1701156530468, 0.1806423655
67, 0x00013eea468a240b169716235bf5885542129be85019730f48f563b674a8785b, 1701156532356, 1701156532698, 1.8102963462
68, 0x0002c3b7b55839ca508e642f912dda95073fcb676ac839ba3d701b0733045ec3, 1701156536462, 1701156536710, 0.6602951102
69, 0x0001701819283b2567b0d853e6122636c9e641067a54e887e49e43530cfab1e8, 1701156537964, 1701156538204, 1.6033941716
70, 0x0000147e278c6bc9e3fa4b6122e9ccbe90662159448c3d8a28807065fe57fa1a, 1701156539345, 1701156539706, 5.7702805430
71, 0x00001f47d862a1d491960b3daa4330abe3ec01bf8ca8e8c85672e272418ff54e, 1701156540650, 1701156540957, 5.1601267395
72, 0x000131a660a9ca077f7c72e2413b0e13da8827e7c696c52e45e15ea91c8691d5, 1701156544582, 1701156544964, 1.8715887760
73, 0x0001c83c2c00480248a37f25a96ed631baf3965a127c561fcde9d6468a71435e, 1701156547704, 1701156547954, 1.2936916562
74, 0x0000ecc4d9919b5446bee7d0374009b343421a401478c81b82ddbadf08109b6e, 1701156556025, 1701156556458, 2.2399890638
75, 0x00007c07cc27694950cf26f09c173f4510ceeba4b13d34f936b82331d3b50018, 1701156560947, 1701156560962, 3.1727744747
76, 0x00012477eae7a2525c0d5a13051f703b9b9b7a2019cfc61fa1ba5f318b727874, 1701156573016, 1701156573197, 1.9351880354
77, 0x000381837ec6fb69168fa4079cb9c33458ee301bf3d26521ae94ec635dc9d196, 1701156586381, 1701156586707, 0.3175350442
78, 0x000053bb908b8ff1d6cb745e6eaf1cb5da887917de03833608a3c544043f7006, 1701156586711, 1701156586953, 3.7396063208
79, 0x0001262654e87c9c8b2f3a8b0ab68c386cc214949014c7084a7fc1a2acd7a702, 1701156591516, 1701156591702, 1.9269182028
80, 0x0000ac08220b7997756763dc03e76f424f12711f8c8f699f60f4fb754683d3ab, 1701156593313, 1701156593462, 2.7007939148
81, 0x00040c57f77c720902b2e5d8b570606ba350c35f7dd02a2bc188492f55b9c208, 1701156598687, 1701156598940, 0.1100383988
82, 0x0000d3d63254761e3456533ff61d596524a8b18cc709c677377ffc85837c2564, 1701156606532, 1701156606959, 2.4005163396
83, 0x0003521c272c4b2cd10c54d3d992229464d31d6a924ea9b7ce6c09fd11a8c5d5, 1701156607792, 1701156608198, 0.3958194453
84, 0x00009ab4aa3b90031dfd482182d623bca0f36be60986754d7102532f6e103cc8, 1701156609714, 1701156609927, 2.8539423671
85, 0x00030b7b917ac25b7be806bcc9b530544d8eb34c24710b2641c549596a03b373, 1701156616670, 1701156616930, 0.5209519473
86, 0x0001109377ee0a7352e5c08bf169c69468cfbd42c1f5840082ff5c435b4a8ade, 1701156621811, 1701156621949, 2.0368101319
87, 0x0002b73b6036919a434946da1115c63e1e72f8cc763006ba6701fba45fa997e4, 1701156622447, 1701156622684, 0.6859745732
88, 0x00010286332dd39ca35eee483e32f1069d5435e659f2e94c7d023ad7fd86bed8, 1701156623340, 1701156623704, 2.1131694921
89, 0x0003f31c5c621ecf07eb7baf1f67fe9c1b5d61b43f20019286f195acc8c4342c, 1701156626186, 1701156626227, 0.1455997570
90, 0x00001c2e6f0549de417efdcb54141a284e6bda79656a741188018fba74f19e5a, 1701156628314, 1701156628449, 5.3106546860
91, 0x00013fcbe0de6cd4e365f885354bc85e21af34e8a24a2f79494e964b9da5777b, 1701156632055, 1701156632203, 1.8063152318
92, 0x00038e3e57d4d54e393e5356b92f16e7e6e1d83d92e985303fd9605ac803e2c7, 1701156636833, 1701156637214, 0.2972163526
93, 0x0001c596deb23c71af4a6b5f360b57e34165e943115ada91db7c036775f22c47, 1701156648099, 1701156648449, 1.3020822088
94, 0x00016f095b404278a69238dc2ec28df07fd06f1c9655487f659b55b4a7fdba68, 1701156650714, 1701156650932, 1.6075451996
95, 0x0001e1c6aaaf6285cb0db147eee4b1c89ac534f3ce947c1532e40078be40dd91, 1701156654452, 1701156654696, 1.2151062778
96, 0x0003803df1a1dcc644ef75d56449f6a8d6664042ddccb2263235843ff74e0bfa, 1701156655105, 1701156655460, 0.3195806449
97, 0x00017169f0c06307348fb94262e31dcfa7211a9f4e77d33fc059aa6388cbca77, 1701156656199, 1701156656446, 1.5982310521
98, 0x0003605a2dc33771ed242db2a1a936a55bcc6f83096a07e4d9d2678ab899cdbf, 1701156658016, 1701156658210, 0.3718495373
99, 0x0004184c556e34c5d1ed7eace562fb8959f74582d21853cbd8988a0ebeb51d67, 1701156658973, 1701156659219, 0.0934916988
100, 0x0002a9243be39cef08ed79b51e1adbfb6efa818581b77c1520d614bc19245550, 1701156661580, 1701156661701, 0.7155143136
101, 0x0002e2fdacf091082323e9818a62c2d3b45c8a86b9e8c4754bcf4ceef6671a23, 1701156667533, 1701156667971, 0.5979122917
